<?xml version="1.0" encoding="UTF-8" ?>
<!DOCTYPE mapper PUBLIC "-//mybatis.org//DTD Mapper 3.0//EN" "http://mybatis.org/dtd/mybatis-3-mapper.dtd" >
<mapper namespace="com.debug.kill.model.mapper.ItemMapper" >
  <resultMap id="BaseResultMap" type="com.debug.kill.model.entity.Item" >
    <id column="id" property="id" jdbcType="INTEGER" />
    <result column="name" property="name" jdbcType="VARCHAR" />
    <result column="code" property="code" jdbcType="VARCHAR" />
    <result column="stock" property="stock" jdbcType="BIGINT" />
    <result column="purchase_time" property="purchaseTime" jdbcType="DATE" />
    <result column="is_active" property="isActive" jdbcType="INTEGER" />
    <result column="create_time" property="createTime" jdbcType="TIMESTAMP" />
    <result column="update_time" property="updateTime" jdbcType="TIMESTAMP" />
  </resultMap>
  <sql id="Base_Column_List" >
    id, name, code, stock, purchase_time, is_active, create_time, update_time
  </sql>
  <select id="selectByPrimaryKey" resultMap="BaseResultMap" parameterType="java.lang.Integer" >
    select 
    <include refid="Base_Column_List" />
    from item
    where id = #{id,jdbcType=INTEGER}
  </select>
  <delete id="deleteByPrimaryKey" parameterType="java.lang.Integer" >
    delete from item
    where id = #{id,jdbcType=INTEGER}
  </delete>
  <insert id="insert" parameterType="com.debug.kill.model.entity.Item" >
    insert into item (id, name, code, 
      stock, purchase_time, is_active, 
      create_time, update_time)
    values (#{id,jdbcType=INTEGER}, #{name,jdbcType=VARCHAR}, #{code,jdbcType=VARCHAR}, 
      #{stock,jdbcType=BIGINT}, #{purchaseTime,jdbcType=DATE}, #{isActive,jdbcType=INTEGER}, 
      #{createTime,jdbcType=TIMESTAMP}, #{updateTime,jdbcType=TIMESTAMP})
  </insert>
  <insert id="insertSelective" parameterType="com.debug.kill.model.entity.Item" >
    insert into item
    <trim prefix="(" suffix=")" suffixOverrides="," >
      <if test="id != null" >
        id,
      </if>
      <if test="name != null" >
        name,
      </if>
      <if test="code != null" >
        code,
      </if>
      <if test="stock != null" >
        stock,
      </if>
      <if test="purchaseTime != null" >
        purchase_time,
      </if>
      <if test="isActive != null" >
        is_active,
      </if>
      <if test="createTime != null" >
        create_time,
      </if>
      <if test="updateTime != null" >
        update_time,
      </if>
    </trim>
    <trim prefix="values (" suffix=")" suffixOverrides="," >
      <if test="id != null" >
        #{id,jdbcType=INTEGER},
      </if>
      <if test="name != null" >
        #{name,jdbcType=VARCHAR},
      </if>
      <if test="code != null" >
        #{code,jdbcType=VARCHAR},
      </if>
      <if test="stock != null" >
        #{stock,jdbcType=BIGINT},
      </if>
      <if test="purchaseTime != null" >
        #{purchaseTime,jdbcType=DATE},
      </if>
      <if test="isActive != null" >
        #{isActive,jdbcType=INTEGER},
      </if>
      <if test="createTime != null" >
        #{createTime,jdbcType=TIMESTAMP},
      </if>
      <if test="updateTime != null" >
        #{updateTime,jdbcType=TIMESTAMP},
      </if>
    </trim>
  </insert>
  <update id="updateByPrimaryKeySelective" parameterType="com.debug.kill.model.entity.Item" >
    update item
    <set >
      <if test="name != null" >
        name = #{name,jdbcType=VARCHAR},
      </if>
      <if test="code != null" >
        code = #{code,jdbcType=VARCHAR},
      </if>
      <if test="stock != null" >
        stock = #{stock,jdbcType=BIGINT},
      </if>
      <if test="purchaseTime != null" >
        purchase_time = #{purchaseTime,jdbcType=DATE},
      </if>
      <if test="isActive != null" >
        is_active = #{isActive,jdbcType=INTEGER},
      </if>
      <if test="createTime != null" >
        create_time = #{createTime,jdbcType=TIMESTAMP},
      </if>
      <if test="updateTime != null" >
        update_time = #{updateTime,jdbcType=TIMESTAMP},
      </if>
    </set>
    where id = #{id,jdbcType=INTEGER}
  </update>
  <update id="updateByPrimaryKey" parameterType="com.debug.kill.model.entity.Item" >
    update item
    set name = #{name,jdbcType=VARCHAR},
      code = #{code,jdbcType=VARCHAR},
      stock = #{stock,jdbcType=BIGINT},
      purchase_time = #{purchaseTime,jdbcType=DATE},
      is_active = #{isActive,jdbcType=INTEGER},
      create_time = #{createTime,jdbcType=TIMESTAMP},
      update_time = #{updateTime,jdbcType=TIMESTAMP}
    where id = #{id,jdbcType=INTEGER}
  </update>
</mapper>