<?xml version="1.0" encoding="UTF-8" ?>
<!DOCTYPE mapper PUBLIC "-//mybatis.org//DTD Mapper 3.0//EN" "http://mybatis.org/dtd/mybatis-3-mapper.dtd" >
<mapper namespace="com.debug.kill.model.mapper.ItemKillSuccessMapper" >
  <resultMap id="BaseResultMap" type="com.debug.kill.model.entity.ItemKillSuccess" >
    <id column="code" property="code" jdbcType="VARCHAR" />
    <result column="item_id" property="itemId" jdbcType="INTEGER" />
    <result column="kill_id" property="killId" jdbcType="INTEGER" />
    <result column="user_id" property="userId" jdbcType="VARCHAR" />
    <result column="status" property="status" jdbcType="TINYINT" />
    <result column="create_time" property="createTime" jdbcType="TIMESTAMP" />
  </resultMap>
  <sql id="Base_Column_List" >
    code, item_id, kill_id, user_id, status, create_time
  </sql>
  <select id="selectByPrimaryKey" resultMap="BaseResultMap" parameterType="java.lang.String" >
    select 
    <include refid="Base_Column_List" />
    from item_kill_success
    where code = #{code,jdbcType=VARCHAR}
  </select>
  <delete id="deleteByPrimaryKey" parameterType="java.lang.String" >
    delete from item_kill_success
    where code = #{code,jdbcType=VARCHAR}
  </delete>
  <insert id="insert" parameterType="com.debug.kill.model.entity.ItemKillSuccess" >
    insert into item_kill_success (code, item_id, kill_id, 
      user_id, status, create_time
      )
    values (#{code,jdbcType=VARCHAR}, #{itemId,jdbcType=INTEGER}, #{killId,jdbcType=INTEGER}, 
      #{userId,jdbcType=VARCHAR}, #{status,jdbcType=TINYINT}, #{createTime,jdbcType=TIMESTAMP}
      )
  </insert>
  <insert id="insertSelective" parameterType="com.debug.kill.model.entity.ItemKillSuccess" >
    insert into item_kill_success
    <trim prefix="(" suffix=")" suffixOverrides="," >
      <if test="code != null" >
        code,
      </if>
      <if test="itemId != null" >
        item_id,
      </if>
      <if test="killId != null" >
        kill_id,
      </if>
      <if test="userId != null" >
        user_id,
      </if>
      <if test="status != null" >
        status,
      </if>
      <if test="createTime != null" >
        create_time,
      </if>
    </trim>
    <trim prefix="values (" suffix=")" suffixOverrides="," >
      <if test="code != null" >
        #{code,jdbcType=VARCHAR},
      </if>
      <if test="itemId != null" >
        #{itemId,jdbcType=INTEGER},
      </if>
      <if test="killId != null" >
        #{killId,jdbcType=INTEGER},
      </if>
      <if test="userId != null" >
        #{userId,jdbcType=VARCHAR},
      </if>
      <if test="status != null" >
        #{status,jdbcType=TINYINT},
      </if>
      <if test="createTime != null" >
        #{createTime,jdbcType=TIMESTAMP},
      </if>
    </trim>
  </insert>
  <update id="updateByPrimaryKeySelective" parameterType="com.debug.kill.model.entity.ItemKillSuccess" >
    update item_kill_success
    <set >
      <if test="itemId != null" >
        item_id = #{itemId,jdbcType=INTEGER},
      </if>
      <if test="killId != null" >
        kill_id = #{killId,jdbcType=INTEGER},
      </if>
      <if test="userId != null" >
        user_id = #{userId,jdbcType=VARCHAR},
      </if>
      <if test="status != null" >
        status = #{status,jdbcType=TINYINT},
      </if>
      <if test="createTime != null" >
        create_time = #{createTime,jdbcType=TIMESTAMP},
      </if>
    </set>
    where code = #{code,jdbcType=VARCHAR}
  </update>
  <update id="updateByPrimaryKey" parameterType="com.debug.kill.model.entity.ItemKillSuccess" >
    update item_kill_success
    set item_id = #{itemId,jdbcType=INTEGER},
      kill_id = #{killId,jdbcType=INTEGER},
      user_id = #{userId,jdbcType=VARCHAR},
      status = #{status,jdbcType=TINYINT},
      create_time = #{createTime,jdbcType=TIMESTAMP}
    where code = #{code,jdbcType=VARCHAR}
  </update>

  <!--根据秒杀活动跟用户Id查询用户的抢购数量-->
  <select id="countByKillUserId" resultType="java.lang.Integer">
    SELECT
        COUNT(1) AS total
    FROM
        item_kill_success
    WHERE
        user_id = #{userId}
    AND kill_id = #{killId}
    <!-- AND `status` IN (-1, 0) -->
    AND `status` IN (0)
  </select>

  <!--根据秒杀成功后的订单编码查询-->
  <select id="selectByCode" resultType="com.debug.kill.model.dto.KillSuccessUserInfo">
    SELECT
      a.*,
      b.user_name,
      b.phone,
      b.email,
      c.name AS itemName
    FROM item_kill_success AS a
      LEFT JOIN user b ON b.id = a.user_id
      LEFT JOIN item c ON c.id = a.item_id
    WHERE a.code = #{code}
          AND b.is_active = 1
  </select>

  <!--失效更新订单信息-->
  <update id="expireOrder">
    UPDATE item_kill_success
    SET status = -1
    WHERE code = #{code} AND status = 0
  </update>

  <!--批量获取待处理的已保存订单记录-->
  <select id="selectExpireOrders" resultType="com.debug.kill.model.entity.ItemKillSuccess">
    SELECT
        a.*,TIMESTAMPDIFF(MINUTE,a.create_time,NOW()) AS diffTime
    FROM
        item_kill_success AS a
    WHERE
        a.`status` = 0
  </select>

</mapper>






















