<?xml version="1.0" encoding="UTF-8" ?>
<!DOCTYPE mapper PUBLIC "-//mybatis.org//DTD Mapper 3.0//EN" "http://mybatis.org/dtd/mybatis-3-mapper.dtd" >
<mapper namespace="com.debug.kill.model.mapper.RandomCodeMapper" >
  <resultMap id="BaseResultMap" type="com.debug.kill.model.entity.RandomCode" >
    <id column="id" property="id" jdbcType="INTEGER" />
    <result column="code" property="code" jdbcType="VARCHAR" />
  </resultMap>
  <sql id="Base_Column_List" >
    id, code
  </sql>
  <select id="selectByPrimaryKey" resultMap="BaseResultMap" parameterType="java.lang.Integer" >
    select 
    <include refid="Base_Column_List" />
    from random_code
    where id = #{id,jdbcType=INTEGER}
  </select>
  <delete id="deleteByPrimaryKey" parameterType="java.lang.Integer" >
    delete from random_code
    where id = #{id,jdbcType=INTEGER}
  </delete>
  <insert id="insert" parameterType="com.debug.kill.model.entity.RandomCode" >
    insert into random_code (id, code)
    values (#{id,jdbcType=INTEGER}, #{code,jdbcType=VARCHAR})
  </insert>
  <insert id="insertSelective" parameterType="com.debug.kill.model.entity.RandomCode" >
    insert into random_code
    <trim prefix="(" suffix=")" suffixOverrides="," >
      <if test="id != null" >
        id,
      </if>
      <if test="code != null" >
        code,
      </if>
    </trim>
    <trim prefix="values (" suffix=")" suffixOverrides="," >
      <if test="id != null" >
        #{id,jdbcType=INTEGER},
      </if>
      <if test="code != null" >
        #{code,jdbcType=VARCHAR},
      </if>
    </trim>
  </insert>
  <update id="updateByPrimaryKeySelective" parameterType="com.debug.kill.model.entity.RandomCode" >
    update random_code
    <set >
      <if test="code != null" >
        code = #{code,jdbcType=VARCHAR},
      </if>
    </set>
    where id = #{id,jdbcType=INTEGER}
  </update>
  <update id="updateByPrimaryKey" parameterType="com.debug.kill.model.entity.RandomCode" >
    update random_code
    set code = #{code,jdbcType=VARCHAR}
    where id = #{id,jdbcType=INTEGER}
  </update>
</mapper>